{
  "train_losses": [
    0.08560368674693118,
    0.039132046861364046,
    0.030143215381494705,
    0.018127721791981955,
    0.01786893686592378,
    0.01777829112275047,
    0.017532621675248567,
    0.01744672622390128,
    0.017247770895254706,
    0.01717808347551481,
    0.016936968288991563,
    0.016964130013423295,
    0.016830387145769326,
    0.016860986111900202,
    0.016783119619860516,
    0.016718438932074087,
    0.016033026115859255,
    0.016028571710693558,
    0.01597351385748434,
    0.01598688429843534,
    0.01593806488010302,
    0.01598081663941426,
    0.01596714776350578,
    0.01598366082636822,
    0.015939275461920154
  ],
  "val_losses": [
    0.03714842623342623,
    0.036615368139395296,
    0.019705588482517505,
    0.019132878625259666,
    0.017451505042539797,
    0.017702714135137562,
    0.0178298619726982,
    0.017705778444637783,
    0.018863748482786054,
    0.01768854878837248,
    0.019072137167087496,
    0.019885114578204775,
    0.021066635246202673,
    0.021394807739750762,
    0.020916933060623616,
    0.0209200256198645,
    0.02081299550957109,
    0.021005829132590553,
    0.021905717565425486,
    0.02060648635544663,
    0.022594858434569567,
    0.021742807348906837,
    0.021331777423341088,
    0.021420187478787628,
    0.02184425615872581
  ]
}