{
  "train_losses": [
    3.0879578204715954,
    1.6984487513408941,
    1.6372557942408557,
    1.583708474376038,
    1.5308253952101165,
    1.506447587856183,
    1.4761725167433422,
    1.46676201318555,
    1.4473476052357286,
    1.4405375469622075,
    1.4365925739939307,
    1.4281698190698437,
    1.415475823204307,
    1.4177562737216551,
    1.4084062588346355,
    1.3905480390085894,
    1.3946439168397702,
    1.3885131912926834,
    1.3788931335450387,
    1.3824466226951164,
    1.3668348772779984,
    1.3268959651902026,
    1.3181050380363184,
    1.3198136022570086,
    1.3075228137347628,
    1.305092480179726,
    1.304947918427049,
    1.3011094042118274,
    1.2974293697260173,
    1.2928485582199167
  ],
  "val_losses": [
    1.7671442446044343,
    1.7891313295605034,
    1.7539631363548671,
    1.720960779968272,
    1.6420208870229323,
    1.7140578201381171,
    1.7000666955770658,
    1.6600778280714776,
    1.6659174649982587,
    1.613727740063308,
    1.6710800958465795,
    1.7127544405496549,
    1.651664761319954,
    1.6849367304972243,
    1.6353333383536393,
    1.7042504828165017,
    1.676241647495265,
    1.6807966041251445,
    1.7374494561602274,
    1.6888118783959474,
    1.6480450074677078,
    1.6606899421219437,
    1.6336415705535163,
    1.6539504989207996,
    1.6328927151921477,
    1.667086880506497,
    1.6319824477580418,
    1.6594384561686408,
    1.6383514707950355,
    1.6414638632191896
  ]
}